<?xml version="1.0" encoding="UTF-8"?>
<faces-config
    xmlns="http://xmlns.jcp.org/xml/ns/javaee"
    xmlns:xsi="http://www.w3.org/2001/XMLSchema-instance"
    xsi:schemaLocation="http://xmlns.jcp.org/xml/ns/javaee http://xmlns.jcp.org/xml/ns/javaee/web-facesconfig_2_2.xsd"
    version="2.2">
	<managed-bean>
		<managed-bean-name>login</managed-bean-name>
		<managed-bean-class>foo.Johny.model.Login</managed-bean-class>
		<managed-bean-scope>session</managed-bean-scope>
	</managed-bean>
	<navigation-rule>
		<display-name>Login</display-name>
		<from-view-id>/Login.jsp</from-view-id>
		<navigation-case>
			<from-outcome>#{login.login }</from-outcome>
			<to-view-id>/Invalido.jsp</to-view-id>
		</navigation-case>
	</navigation-rule>
	<navigation-rule>
		<display-name>Login</display-name>
		<from-view-id>/Login.jsp</from-view-id>
		<navigation-case>
			<from-outcome>#{login.login }</from-outcome>
			<to-view-id>/Valido.jsp</to-view-id>
		</navigation-case>
	</navigation-rule>


<validator>
	<display-name>foo.Johny.validator.LoginValidator</display-name>
	<validator-id>foo.Johny.validator.LoginValidator</validator-id>
	<validator-class>foo.Johny.validator.LoginValidator</validator-class>
</validator></faces-config>
